{"FeAR_1_averaged": {"avg_crashes": 1.617003367003367, "avg_arrivals": 0.33730158730158727, "avg_distance_to_destination_per_vec": {"agent0": 23.04782574754306, "agent1": 22.484935891216214, "agent2": 18.57608257411881, "agent3": 21.032770001296885}, "avg_distance": 21.285403553543745, "avg_min_distance_per_vec": {"agent0": 10.740927785464537, "agent1": 10.211845744327363, "agent2": 10.993976306139706, "agent3": 12.227522611259175}, "avg_min_distance": 11.043568111797695}, "FeAR_3_averaged": {"avg_crashes": 1.5549783549783551, "avg_arrivals": 0.4637806637806638, "avg_distance_to_destination_per_vec": {"agent0": 15.912648657022913, "agent1": 17.0, "agent2": 11.937212208015387, "agent3": 13.0}, "avg_distance": 14.462465216259574, "avg_min_distance_per_vec": {"agent0": 8.025841021515857, "agent1": 8.254179962012023, "agent2": 8.139192791487181, "agent3": 8.272881148874388}, "avg_min_distance": 8.173023730972362}, "FeAR_1.5_averaged": {"avg_crashes": 1.2694805194805194, "avg_arrivals": 0.6168831168831169, "avg_distance_to_destination_per_vec": {"agent0": 9.142136432317452, "agent1": 8.498873305313426, "agent2": 5.1570698010749485, "agent3": 9.079920962208478}, "avg_distance": 7.969500125228575, "avg_min_distance_per_vec": {"agent0": 5.190199186813256, "agent1": 6.371271270567001, "agent2": 6.103312115563408, "agent3": 5.139037110505377}, "avg_min_distance": 5.700954920862261}, "FeAR_2_averaged": {"avg_crashes": 1.3902179691653374, "avg_arrivals": 0.40510366826156297, "avg_distance_to_destination_per_vec": {"agent0": 9.542847147706278, "agent1": 12.808679403458655, "agent2": 11.158191225527942, "agent3": 11.0}, "avg_distance": 11.127429444173217, "avg_min_distance_per_vec": {"agent0": 7.02805052561015, "agent1": 6.201374470408401, "agent2": 5.719403952407984, "agent3": 6.523051033599157}, "avg_min_distance": 6.3679699955064235}}