{"FeAR_1_averaged": {"avg_crashes": 1.4904761904761903, "avg_arrivals": 0.6195887445887447, "avg_distance_to_destination_per_vec": {"agent0": 18.470823394959574, "agent1": 19.365628929053237, "agent2": 14.280133860026666, "agent3": 17.254836157368494}, "avg_distance": 17.34285558535199, "avg_min_distance_per_vec": {"agent0": 9.505321098526307, "agent1": 8.819751436973803, "agent2": 10.368626234307246, "agent3": 10.59958640613079}, "avg_min_distance": 9.823321293984536}, "FeAR_3_averaged": {"avg_crashes": 1.6456140350877195, "avg_arrivals": 0.38362573099415204, "avg_distance_to_destination_per_vec": {"agent0": 13.170708651505919, "agent1": 14.666666666666666, "agent2": 11.391688326246324, "agent3": 10.499148035468865}, "avg_distance": 12.432052919971945, "avg_min_distance_per_vec": {"agent0": 7.222854407516959, "agent1": 7.022128198602015, "agent2": 6.390324065731945, "agent3": 7.258412523209803}, "avg_min_distance": 6.9734297987651805}, "FeAR_2_averaged": {"avg_crashes": 1.2780748663101604, "avg_arrivals": 0.45989304812834225, "avg_distance_to_destination_per_vec": {"agent0": 9.705715631229742, "agent1": 11.82966950181084, "agent2": 11.56382152904132, "agent3": 11.333333333333334}, "avg_distance": 11.108134998853808, "avg_min_distance_per_vec": {"agent0": 7.4023618485109575, "agent1": 7.047344164848352, "agent2": 6.639540070962146, "agent3": 7.275404349992172}, "avg_min_distance": 7.091162608578408}}