{"FeAR_1_test1.": {"avg_crashes": 1.8055555555555556, "avg_arrivals": 0.08333333333333333, "avg_distance_to_destination_per_vec": {"agent0": 36.0, "agent1": 33.45480767364864, "agent2": 34.0, "agent3": 36.0}, "avg_distance": 34.86370191841216, "avg_min_distance_per_vec": {"agent0": 15.107506287657605, "agent1": 14.956802725189853, "agent2": 15.665379894635567, "agent3": 17.711697367900516}, "avg_min_distance": 15.860346568845884}, "FeAR_3_test1": {"avg_crashes": 1.6, "avg_arrivals": 0.06666666666666667, "avg_distance_to_destination_per_vec": {"agent0": 13.244086362953484, "agent1": 15.0, "agent2": 14.148503766602499, "agent3": 15.0}, "avg_distance": 14.348147532388996, "avg_min_distance_per_vec": {"agent0": 8.927004654241795, "agent1": 8.411552736626161, "agent2": 7.084267512495067, "agent3": 7.4719047952882995}, "avg_min_distance": 7.97368242466283}, "FeAR_1_test2.": {"avg_crashes": 1.5454545454545454, "avg_arrivals": 0.5, "avg_distance_to_destination_per_vec": {"agent0": 19.14347724262919, "agent1": 20.0, "agent2": 11.581136043298775, "agent3": 20.0}, "avg_distance": 17.681153321481993, "avg_min_distance_per_vec": {"agent0": 11.332111312804479, "agent1": 9.680217692442298, "agent2": 11.30261194294148, "agent3": 11.853307010561538}, "avg_min_distance": 11.042061989687449}, "FeAR_1_test3.": {"avg_crashes": 1.5, "avg_arrivals": 0.42857142857142855, "avg_distance_to_destination_per_vec": {"agent0": 14.0, "agent1": 14.0, "agent2": 10.147111679057655, "agent3": 7.098310003890653}, "avg_distance": 11.311355420737078, "avg_min_distance_per_vec": {"agent0": 5.783165755931529, "agent1": 5.9985168153499355, "agent2": 6.013937080842072, "agent3": 7.117563455315469}, "avg_min_distance": 6.228295776859752}, "FeAR_1.5_test1.": {"avg_crashes": 1.2727272727272727, "avg_arrivals": 0.6363636363636364, "avg_distance_to_destination_per_vec": {"agent0": 11.0, "agent1": 6.4966199159402755, "agent2": 6.0, "agent3": 9.599308397114552}, "avg_distance": 8.273982078263707, "avg_min_distance_per_vec": {"agent0": 6.122468813028684, "agent1": 6.212151393288264, "agent2": 6.383043934035428, "agent3": 5.502658163447041}, "avg_min_distance": 6.055080575949854}, "FeAR_1.5_test2.": {"avg_crashes": 1.2857142857142858, "avg_arrivals": 0.7142857142857143, "avg_distance_to_destination_per_vec": {"agent0": 4.426409296952354, "agent1": 7.0, "agent2": 4.0, "agent3": 5.640454489510882}, "avg_distance": 5.266715946615809, "avg_min_distance_per_vec": {"agent0": 3.521766111359919, "agent1": 6.2784486552752155, "agent2": 3.461861048854633, "agent3": 2.726656468152876}, "avg_min_distance": 3.997183070910661}, "FeAR_1.5_test3.": {"avg_crashes": 1.25, "avg_arrivals": 0.5, "avg_distance_to_destination_per_vec": {"agent0": 12.0, "agent1": 12.0, "agent2": 5.4712094032248455, "agent3": 12.0}, "avg_distance": 10.367802350806212, "avg_min_distance_per_vec": {"agent0": 5.926362636051167, "agent1": 6.6232137631375245, "agent2": 8.46503136380016, "agent3": 7.187796699916215}, "avg_min_distance": 7.050601115726267}, "FeAR_2_test1.": {"avg_crashes": 1.4736842105263157, "avg_arrivals": 0.5789473684210527, "avg_distance_to_destination_per_vec": {"agent0": 8.62854144311883, "agent1": 18.426038210375967, "agent2": 15.36964768490801, "agent3": 19.0}, "avg_distance": 15.356056834600702, "avg_min_distance_per_vec": {"agent0": 10.970093635648904, "agent1": 8.110045591968293, "agent2": 7.945477587768717, "agent3": 7.598259604062644}, "avg_min_distance": 8.65596910486214}, "FeAR_2_test2.": {"avg_crashes": 1.3333333333333333, "avg_arrivals": 0.0, "avg_distance_to_destination_per_vec": {"agent0": 9.0, "agent1": 9.0, "agent2": 9.0, "agent3": 9.0}, "avg_distance": 9.0, "avg_min_distance_per_vec": {"agent0": 5.505819627490444, "agent1": 5.267399363818834, "agent2": 4.755209057109519, "agent3": 5.968424139667104}, "avg_min_distance": 5.374213047021475}, "FeAR_2_test3.": {"avg_crashes": 1.3636363636363635, "avg_arrivals": 0.6363636363636364, "avg_distance_to_destination_per_vec": {"agent0": 11.0, "agent1": 11.0, "agent2": 9.104925991675813, "agent3": 5.0}, "avg_distance": 9.026231497918953, "avg_min_distance_per_vec": {"agent0": 4.608238313691105, "agent1": 5.226678455438077, "agent2": 4.457525212345718, "agent3": 6.002469357067723}, "avg_min_distance": 5.0737278346356565}, "FeAR_3_test2.": {"avg_crashes": 1.6363636363636365, "avg_arrivals": 0.6818181818181818, "avg_distance_to_destination_per_vec": {"agent0": 22.0, "agent1": 22.0, "agent2": 15.650857458579747, "agent3": 11.0}, "avg_distance": 17.662714364644938, "avg_min_distance_per_vec": {"agent0": 8.731407263088242, "agent1": 9.826843235508008, "agent2": 9.415686151722788, "agent3": 11.235593491894404}, "avg_min_distance": 9.802382535553361}, "FeAR_3_test3.": {"avg_crashes": 1.4285714285714286, "avg_arrivals": 0.6428571428571429, "avg_distance_to_destination_per_vec": {"agent0": 12.493859608115256, "agent1": 14.0, "agent2": 6.01227539886391, "agent3": 13.0}, "avg_distance": 11.376533751744791, "avg_min_distance_per_vec": {"agent0": 6.419111147217539, "agent1": 6.524143913901894, "agent2": 7.917624710243687, "agent3": 6.11114515944046}, "avg_min_distance": 6.743006232700895}}