{"FeAR_-1.5_TL2.": {"avg_crashes": 1.375, "avg_arrivals": 0.5, "avg_distance_to_destination_per_vec": {"agent0": 16.0, "agent1": 12.20419451090254, "agent2": 10.0, "agent3": 14.414248306414436}, "avg_distance": 13.154610704329244, "avg_min_distance_per_vec": {"agent0": 9.370136587272162, "agent1": 9.188467919249192, "agent2": 9.079648183416717, "agent3": 7.84245846316611}, "avg_min_distance": 8.870177788276045}, "FeAR_-1.5_TL3.": {"avg_crashes": 1.4545454545454546, "avg_arrivals": 0.5454545454545454, "avg_distance_to_destination_per_vec": {"agent0": 11.0, "agent1": 6.426016955232073, "agent2": 11.0, "agent3": 7.262531311353141}, "avg_distance": 8.922137066646304, "avg_min_distance_per_vec": {"agent0": 4.438899748762823, "agent1": 5.426591653576999, "agent2": 4.981280582813427, "agent3": 5.344982100404333}, "avg_min_distance": 5.047938521389395}, "FeAR_1.5_trl1.": {"avg_crashes": 1.0, "avg_arrivals": 0.2222222222222222, "avg_distance_to_destination_per_vec": {"agent0": 7.0, "agent1": 9.0, "agent2": 9.0, "agent3": 9.0}, "avg_distance": 8.5, "avg_min_distance_per_vec": {"agent0": 5.829047485222953, "agent1": 7.108785819703228, "agent2": 5.84357397184493, "agent3": 5.231038221465245}, "avg_min_distance": 6.003111374559088}}