{"FeAR_1_test1": {"avg_crashes": 1.8285714285714285, "avg_arrivals": 0.05714285714285714, "avg_distance_to_destination_per_vec": {"agent0": 34.46920478081066, "agent1": 34.0, "agent2": 34.0, "agent3": 35.0}, "avg_distance": 34.367301195202664, "avg_min_distance_per_vec": {"agent0": 15.334615829455634, "agent1": 15.470235221388682, "agent2": 14.969507642196199, "agent3": 18.310204439815944}, "avg_min_distance": 16.021140783214115}, "FeAR_3_test1": {"avg_crashes": 1.6, "avg_arrivals": 0.06666666666666667, "avg_distance_to_destination_per_vec": {"agent0": 13.244086362953484, "agent1": 15.0, "agent2": 14.148503766602499, "agent3": 15.0}, "avg_distance": 14.348147532388996, "avg_min_distance_per_vec": {"agent0": 8.927004654241795, "agent1": 8.411552736626161, "agent2": 7.084267512495067, "agent3": 7.4719047952882995}, "avg_min_distance": 7.97368242466283}, "FeAR_1_test2": {"avg_crashes": 1.5, "avg_arrivals": 0.9545454545454546, "avg_distance_to_destination_per_vec": {"agent0": 14.938326018533365, "agent1": 18.462515716212952, "agent2": 9.653455935329903, "agent3": 18.019344629473977}, "avg_distance": 15.268410574887548, "avg_min_distance_per_vec": {"agent0": 10.859965284119749, "agent1": 8.1360638900095, "agent2": 12.662041655041367, "agent3": 11.66067954173402}, "avg_min_distance": 10.82968759272616}, "FeAR_1_test3": {"avg_crashes": 1.3333333333333333, "avg_arrivals": 0.6666666666666666, "avg_distance_to_destination_per_vec": {"agent0": 14.475762780494264, "agent1": 15.0, "agent2": 12.380243953896336, "agent3": 6.0}, "avg_distance": 11.964001683597651, "avg_min_distance_per_vec": {"agent0": 6.887216842958377, "agent1": 7.690156523042436, "agent2": 7.601892404656128, "agent3": 8.268637467129683}, "avg_min_distance": 7.611975809446656}, "FeAR_1": {"avg_crashes": 1.3, "avg_arrivals": 0.8, "avg_distance_to_destination_per_vec": {"agent0": 10.0, "agent1": 10.0, "agent2": 1.0868355508804242, "agent3": 10.0}, "avg_distance": 7.771708887720106, "avg_min_distance_per_vec": {"agent0": 4.939486437571469, "agent1": 3.9825501134545895, "agent2": 6.24106323533529, "agent3": 4.158824175843515}, "avg_min_distance": 4.830480990551216}, "FeAR_2_test1": {"avg_crashes": 1.4705882352941178, "avg_arrivals": 0.47058823529411764, "avg_distance_to_destination_per_vec": {"agent0": 7.6248257576742855, "agent1": 16.48900850543252, "agent2": 15.381141619902506, "agent3": 17.0}, "avg_distance": 14.123743970752328, "avg_min_distance_per_vec": {"agent0": 8.34306180711604, "agent1": 7.172339141796375, "agent2": 6.851005055936851, "agent3": 6.88453543219975}, "avg_min_distance": 7.312735359262255}, "FeAR_2_test2": {"avg_crashes": 1.1818181818181819, "avg_arrivals": 0.2727272727272727, "avg_distance_to_destination_per_vec": {"agent0": 11.0, "agent1": 8.0, "agent2": 11.0, "agent3": 11.0}, "avg_distance": 10.25, "avg_min_distance_per_vec": {"agent0": 6.69184392276585, "agent1": 7.166048238214916, "agent2": 6.442002197026223, "agent3": 7.173668232480518}, "avg_min_distance": 6.868390647621876}, "FeAR_2_test3": {"avg_crashes": 1.1818181818181819, "avg_arrivals": 0.6363636363636364, "avg_distance_to_destination_per_vec": {"agent0": 10.492321136014935, "agent1": 11.0, "agent2": 8.310322967221454, "agent3": 6.0}, "avg_distance": 8.950661025809097, "avg_min_distance_per_vec": {"agent0": 7.172179815650984, "agent1": 6.803645114533766, "agent2": 6.6256129599233615, "agent3": 7.768009385296251}, "avg_min_distance": 7.09236181885109}, "FeAR_3_test2": {"avg_crashes": 1.736842105263158, "avg_arrivals": 0.6842105263157895, "avg_distance_to_destination_per_vec": {"agent0": 18.23127200408473, "agent1": 19.0, "agent2": 13.026561212136471, "agent3": 6.497444106406599}, "avg_distance": 14.18881933065695, "avg_min_distance_per_vec": {"agent0": 7.423168681874991, "agent1": 7.637026389591784, "agent2": 7.1872014381116935, "agent3": 9.958583284547428}, "avg_min_distance": 8.051494948531474}, "FeAR_3_test3": {"avg_crashes": 1.6, "avg_arrivals": 0.4, "avg_distance_to_destination_per_vec": {"agent0": 8.036767587479542, "agent1": 10.0, "agent2": 7.0, "agent3": 10.0}, "avg_distance": 8.759191896869886, "avg_min_distance_per_vec": {"agent0": 5.3183898864340895, "agent1": 5.0178054695881, "agent2": 4.899503246589074, "agent3": 4.344749489793686}, "avg_min_distance": 4.8951120231012375}}