{"outFeAR.": {"avg_crashes": 0.29, "avg_arrivals": 2.38, "avg_distance_to_destination_per_vec": {"agent0": 11.688870174843457, "agent1": 7.430499038383746, "agent2": 50.0, "agent3": 6.578009954731955}, "avg_distance": 18.92434479198979, "avg_min_distance_per_vec": {"agent0": 28.569435946941017, "agent1": 38.201029271489084, "agent2": 33.79044595085822, "agent3": 35.72390987541734}, "avg_min_distance": 34.07120526117642}, "FeAR_FW-1.5_TL2_test2.": {"avg_crashes": 0.31, "avg_arrivals": 2.98, "avg_distance_to_destination_per_vec": {"agent0": 6.870937903542342, "agent1": 17.07344078957947, "agent2": 5.7822732538689205, "agent3": 15.061504028478902}, "avg_distance": 11.197038993867409, "avg_min_distance_per_vec": {"agent0": 33.14153761209254, "agent1": 22.934220362853672, "agent2": 34.751106101440335, "agent3": 23.369638357691514}, "avg_min_distance": 28.549125608519518}}